Obesity,Asian,Black,Hispanic,Mexican,Other,White,Asian_per,Black_per,Hispanic_per,Mexican_per,Other_per,White_per
Underweight,46,95,56,80,30,364,0.16606498194945848,0.16725352112676056,0.16470588235294117,0.17699115044247787,0.2,0.11946176567115195
Normal,130,135,86,122,46,974,0.4693140794223827,0.23767605633802816,0.2529411764705882,0.26991150442477874,0.30666666666666664,0.319658680669511
Overweight,72,131,105,119,34,858,0.259927797833935,0.2306338028169014,0.3088235294117647,0.26327433628318586,0.22666666666666666,0.2815884476534296
Obesity,25,162,87,115,27,711,0.09025270758122744,0.2852112676056338,0.25588235294117645,0.25442477876106195,0.18,0.2333442730554644
Severe Obesity,4,45,6,16,13,140,0.01444043321299639,0.07922535211267606,0.01764705882352941,0.035398230088495575,0.08666666666666667,0.04594683295044306
